{"cameraMode":{"drawMode":0,"name":"Shaded","section":"Shading Mode"},"sceneLighting":false,"audioPlay":false,"sceneViewState":{"m_AlwaysRefresh":false,"showFog":true,"showSkybox":false,"showFlares":true,"showImageEffects":true,"showParticleSystems":true,"showVisualEffectGraphs":true,"m_FxEnabled":true},"in2DMode":false,"pivot":{"x":11.207599639892579,"y":3.8296542167663576,"z":-13.872950553894043},"rotation":{"x":-0.06149478256702423,"y":0.2532256543636322,"z":-0.016082298010587693,"w":-0.9652653932571411},"size":3.253406047821045,"orthographic":false}