{"cameraMode":{"drawMode":2,"name":"Shaded Wireframe","section":"Shading Mode"},"sceneLighting":true,"audioPlay":false,"sceneViewState":{"m_AlwaysRefresh":false,"showFog":true,"showSkybox":true,"showFlares":true,"showImageEffects":true,"showParticleSystems":true,"showVisualEffectGraphs":true,"m_FxEnabled":true},"in2DMode":false,"pivot":{"x":-15.340754508972168,"y":7.204615592956543,"z":43.238929748535159},"rotation":{"x":0.009309280663728714,"y":0.011992604471743107,"z":-0.00010569392907200381,"w":0.9998829364776611},"size":51.813140869140628,"orthographic":false}