{"cameraMode":{"drawMode":0,"name":"Shaded","section":"Shading Mode"},"sceneLighting":true,"audioPlay":false,"sceneViewState":{"m_AlwaysRefresh":false,"showFog":true,"showSkybox":true,"showFlares":true,"showImageEffects":true,"showParticleSystems":true,"showVisualEffectGraphs":true,"m_FxEnabled":true},"in2DMode":false,"pivot":{"x":-11.960307121276856,"y":24.917081832885743,"z":-7.769975185394287},"rotation":{"x":-0.04224953055381775,"y":0.052735015749931338,"z":-0.0019041605992242694,"w":-0.9975952506065369},"size":2.36602520942688,"orthographic":false}