{"cameraMode":{"drawMode":2,"name":"Shaded Wireframe","section":"Shading Mode"},"sceneLighting":true,"audioPlay":false,"sceneViewState":{"m_AlwaysRefresh":false,"showFog":true,"showSkybox":true,"showFlares":true,"showImageEffects":true,"showParticleSystems":true,"showVisualEffectGraphs":true,"m_FxEnabled":true},"in2DMode":false,"pivot":{"x":8.741857528686524,"y":12.833258628845215,"z":-1.6817874908447266},"rotation":{"x":-0.02609892189502716,"y":0.049559880048036578,"z":-0.0007146128918975592,"w":-0.9983353018760681},"size":5.578423023223877,"orthographic":false}