{"cameraMode":{"drawMode":0,"name":"Shaded","section":"Shading Mode"},"sceneLighting":true,"audioPlay":false,"sceneViewState":{"m_AlwaysRefresh":false,"showFog":true,"showSkybox":true,"showFlares":true,"showImageEffects":true,"showParticleSystems":true,"showVisualEffectGraphs":true,"m_FxEnabled":true},"in2DMode":false,"pivot":{"x":-14.354074478149414,"y":24.897817611694337,"z":1.8679046630859376},"rotation":{"x":0.17490066587924958,"y":-0.008858590386807919,"z":0.0016238321550190449,"w":0.9845678210258484},"size":8.199999809265137,"orthographic":false}