{"cameraMode":{"drawMode":0,"name":"Shaded","section":"Shading Mode"},"sceneLighting":true,"audioPlay":false,"sceneViewState":{"m_AlwaysRefresh":false,"showFog":true,"showSkybox":true,"showFlares":true,"showImageEffects":true,"showParticleSystems":true,"showVisualEffectGraphs":true,"m_FxEnabled":true},"in2DMode":false,"pivot":{"x":-18.90074348449707,"y":2.9522242546081545,"z":54.86517333984375},"rotation":{"x":0.17785857617855073,"y":-0.004428086336702108,"z":0.0008370833820663393,"w":0.9840661287307739},"size":8.199999809265137,"orthographic":false}