{"cameraMode":{"drawMode":2,"name":"Shaded Wireframe","section":"Shading Mode"},"sceneLighting":true,"audioPlay":false,"sceneViewState":{"m_AlwaysRefresh":false,"showFog":true,"showSkybox":true,"showFlares":true,"showImageEffects":true,"showParticleSystems":true,"showVisualEffectGraphs":true,"m_FxEnabled":true},"in2DMode":false,"pivot":{"x":-24.027212142944337,"y":7.486373424530029,"z":115.39761352539063},"rotation":{"x":0.021415503695607187,"y":-0.15631046891212464,"z":0.0028874624986201526,"w":0.9873641729354858},"size":76.51742553710938,"orthographic":false}