{"cameraMode":{"drawMode":0,"name":"Shaded","section":"Shading Mode"},"sceneLighting":true,"audioPlay":false,"sceneViewState":{"m_AlwaysRefresh":false,"showFog":true,"showSkybox":true,"showFlares":true,"showImageEffects":true,"showParticleSystems":true,"showVisualEffectGraphs":true,"m_FxEnabled":true},"in2DMode":false,"pivot":{"x":-13.308517456054688,"y":6.202462196350098,"z":22.36309051513672},"rotation":{"x":-0.032822802662849429,"y":0.21691499650478364,"z":-0.007188182324171066,"w":-0.9755824208259583},"size":11.912496566772461,"orthographic":false}