{"cameraMode":{"drawMode":0,"name":"Shaded","section":"Shading Mode"},"sceneLighting":true,"audioPlay":false,"sceneViewState":{"m_AlwaysRefresh":false,"showFog":true,"showSkybox":true,"showFlares":true,"showImageEffects":true,"showParticleSystems":true,"showVisualEffectGraphs":true,"m_FxEnabled":true},"in2DMode":false,"pivot":{"x":3.4755916595458986,"y":1.6473407745361329,"z":15.898086547851563},"rotation":{"x":-0.321658730506897,"y":-0.28146302700042727,"z":0.10075432807207108,"w":-0.8983975648880005},"size":18.729324340820314,"orthographic":false}