{"cameraMode":{"drawMode":0,"name":"Shaded","section":"Shading Mode"},"sceneLighting":true,"audioPlay":false,"sceneViewState":{"m_AlwaysRefresh":false,"showFog":true,"showSkybox":true,"showFlares":true,"showImageEffects":true,"showParticleSystems":true,"showVisualEffectGraphs":true,"m_FxEnabled":true},"in2DMode":false,"pivot":{"x":69.7745361328125,"y":49.84104919433594,"z":12.102048873901368},"rotation":{"x":0.02501220442354679,"y":-0.24636027216911317,"z":0.00635690800845623,"w":0.9688507914543152},"size":10.449999809265137,"orthographic":false}