{"cameraMode":{"drawMode":0,"name":"Shaded","section":"Shading Mode"},"sceneLighting":true,"audioPlay":false,"sceneViewState":{"m_AlwaysRefresh":false,"showFog":true,"showSkybox":true,"showFlares":true,"showImageEffects":true,"showParticleSystems":true,"showVisualEffectGraphs":true,"m_FxEnabled":true},"in2DMode":false,"pivot":{"x":-2.001034736633301,"y":10.447587966918946,"z":126.74767303466797},"rotation":{"x":-0.012406015768647194,"y":0.18617062270641328,"z":-0.0022452936973422767,"w":-0.982410192489624},"size":11.912496566772461,"orthographic":false}