{"cameraMode":{"drawMode":0,"name":"Shaded","section":"Shading Mode"},"sceneLighting":false,"audioPlay":false,"sceneViewState":{"m_AlwaysRefresh":false,"showFog":true,"showSkybox":false,"showFlares":true,"showImageEffects":true,"showParticleSystems":true,"showVisualEffectGraphs":true,"m_FxEnabled":true},"in2DMode":false,"pivot":{"x":-3.4895107746124269,"y":7.919121265411377,"z":122.94512176513672},"rotation":{"x":-0.056881487369537356,"y":0.4475958049297333,"z":-0.028365645557641984,"w":-0.8919346332550049},"size":3.853407144546509,"orthographic":false}