{"cameraMode":{"drawMode":0,"name":"Shaded","section":"Shading Mode"},"sceneLighting":false,"audioPlay":false,"sceneViewState":{"m_AlwaysRefresh":false,"showFog":true,"showSkybox":false,"showFlares":true,"showImageEffects":true,"showParticleSystems":true,"showVisualEffectGraphs":true,"m_FxEnabled":true},"in2DMode":false,"pivot":{"x":-4.234615325927734,"y":2.8352184295654299,"z":-21.309650421142579},"rotation":{"x":0.0056894198060035709,"y":-0.029085317626595498,"z":-0.00020243909966666251,"w":-0.9996010065078735},"size":6.42809534072876,"orthographic":false}