{"cameraMode":{"drawMode":0,"name":"Shaded","section":"Shading Mode"},"sceneLighting":false,"audioPlay":false,"sceneViewState":{"m_AlwaysRefresh":false,"showFog":true,"showSkybox":false,"showFlares":true,"showImageEffects":true,"showParticleSystems":true,"showVisualEffectGraphs":true,"m_FxEnabled":true},"in2DMode":false,"pivot":{"x":0.9925984144210815,"y":1.5706907510757447,"z":3.2479348182678224},"rotation":{"x":0.013237524777650833,"y":-0.7239217162132263,"z":0.013917708769440651,"w":0.6895793676376343},"size":2.5692360401153566,"orthographic":false}