{"cameraMode":{"drawMode":0,"name":"Shaded","section":"Shading Mode"},"sceneLighting":false,"audioPlay":false,"sceneViewState":{"m_AlwaysRefresh":false,"showFog":true,"showSkybox":false,"showFlares":true,"showImageEffects":true,"showParticleSystems":true,"showVisualEffectGraphs":true,"m_FxEnabled":true},"in2DMode":false,"pivot":{"x":0.6915535926818848,"y":1.7710314989089966,"z":2.9028515815734865},"rotation":{"x":-0.00021340060629881918,"y":-0.7178192138671875,"z":-0.00019796754349954426,"w":0.696195125579834},"size":2.5692360401153566,"orthographic":false}