{"cameraMode":{"drawMode":0,"name":"Shaded","section":"Shading Mode"},"sceneLighting":false,"audioPlay":false,"sceneViewState":{"m_AlwaysRefresh":false,"showFog":true,"showSkybox":false,"showFlares":true,"showImageEffects":true,"showParticleSystems":true,"showVisualEffectGraphs":true,"m_FxEnabled":true},"in2DMode":false,"pivot":{"x":4.615484714508057,"y":1.6601877212524415,"z":5.048803806304932},"rotation":{"x":-0.0764663890004158,"y":-0.28139519691467287,"z":-0.022486580535769464,"w":0.9562512636184692},"size":1.0692362785339356,"orthographic":false}