{"cameraMode":{"drawMode":0,"name":"Shaded","section":"Shading Mode"},"sceneLighting":false,"audioPlay":false,"sceneViewState":{"m_AlwaysRefresh":false,"showFog":true,"showSkybox":false,"showFlares":true,"showImageEffects":true,"showParticleSystems":true,"showVisualEffectGraphs":true,"m_FxEnabled":true},"in2DMode":false,"pivot":{"x":25.54391098022461,"y":18.198272705078126,"z":-6.6381049156188969},"rotation":{"x":0.10530729591846466,"y":-0.1996455043554306,"z":0.021593879908323289,"w":0.9739289879798889},"size":1.0692362785339356,"orthographic":false}