{"cameraMode":{"drawMode":0,"name":"Shaded","section":"Shading Mode"},"sceneLighting":false,"audioPlay":false,"sceneViewState":{"m_AlwaysRefresh":false,"showFog":true,"showSkybox":false,"showFlares":true,"showImageEffects":true,"showParticleSystems":true,"showVisualEffectGraphs":true,"m_FxEnabled":true},"in2DMode":false,"pivot":{"x":-2.2243924140930177,"y":0.15438556671142579,"z":9.699114799499512},"rotation":{"x":0.36054855585098269,"y":0.3162289261817932,"z":0.13143691420555116,"w":-0.8675245046615601},"size":1.0563082695007325,"orthographic":false}