{"cameraMode":{"drawMode":0,"name":"Shaded","section":"Shading Mode"},"sceneLighting":false,"audioPlay":false,"sceneViewState":{"m_AlwaysRefresh":false,"showFog":true,"showSkybox":false,"showFlares":true,"showImageEffects":true,"showParticleSystems":true,"showVisualEffectGraphs":true,"m_FxEnabled":true},"in2DMode":false,"pivot":{"x":-36.48827362060547,"y":-6.799117565155029,"z":146.52871704101563},"rotation":{"x":0.04755628854036331,"y":-0.07453317195177078,"z":0.0035661770962178709,"w":0.9960530400276184},"size":86.06385040283203,"orthographic":false}