{"cameraMode":{"drawMode":0,"name":"Shaded","section":"Shading Mode"},"sceneLighting":false,"audioPlay":false,"sceneViewState":{"m_AlwaysRefresh":false,"showFog":true,"showSkybox":false,"showFlares":true,"showImageEffects":true,"showParticleSystems":true,"showVisualEffectGraphs":true,"m_FxEnabled":true},"in2DMode":false,"pivot":{"x":11.713845252990723,"y":0.07800006866455078,"z":-2.085686206817627},"rotation":{"x":0.36054855585098269,"y":0.3162289261817932,"z":0.13143691420555116,"w":-0.8675245046615601},"size":7.876779556274414,"orthographic":false}