{"cameraMode":{"drawMode":0,"name":"Shaded","section":"Shading Mode"},"sceneLighting":false,"audioPlay":false,"sceneViewState":{"m_AlwaysRefresh":false,"showFog":true,"showSkybox":false,"showFlares":true,"showImageEffects":true,"showParticleSystems":true,"showVisualEffectGraphs":true,"m_FxEnabled":true},"in2DMode":false,"pivot":{"x":0.6231513023376465,"y":1.3299999237060547,"z":15.510000228881836},"rotation":{"x":-0.05598052963614464,"y":-0.5775243043899536,"z":0.039744507521390918,"w":-0.813465416431427},"size":5.049752235412598,"orthographic":false}