{"cameraMode":{"drawMode":0,"name":"Shaded","section":"Shading Mode"},"sceneLighting":false,"audioPlay":false,"sceneViewState":{"m_AlwaysRefresh":false,"showFog":true,"showSkybox":false,"showFlares":true,"showImageEffects":true,"showParticleSystems":true,"showVisualEffectGraphs":true,"m_FxEnabled":true},"in2DMode":false,"pivot":{"x":2.609999895095825,"y":-3.690000057220459,"z":22.015701293945314},"rotation":{"x":-0.045059673488140109,"y":0.2464464008808136,"z":-0.011460090056061745,"w":-0.9680569767951965},"size":1.7320507764816285,"orthographic":false}