{"cameraMode":{"drawMode":0,"name":"Shaded","section":"Shading Mode"},"sceneLighting":false,"audioPlay":false,"sceneViewState":{"m_AlwaysRefresh":false,"showFog":true,"showSkybox":false,"showFlares":true,"showImageEffects":true,"showParticleSystems":true,"showVisualEffectGraphs":true,"m_FxEnabled":true},"in2DMode":false,"pivot":{"x":-16.376968383789064,"y":19.243921279907228,"z":166.36000061035157},"rotation":{"x":0.036097850650548938,"y":0.20106378197669984,"z":0.007573673035949469,"w":-0.9788456559181213},"size":2.23061203956604,"orthographic":false}