{"cameraMode":{"drawMode":0,"name":"Shaded","section":"Shading Mode"},"sceneLighting":false,"audioPlay":false,"sceneViewState":{"m_AlwaysRefresh":false,"showFog":true,"showSkybox":false,"showFlares":true,"showImageEffects":true,"showParticleSystems":true,"showVisualEffectGraphs":true,"m_FxEnabled":true},"in2DMode":false,"pivot":{"x":5.0672101974487309,"y":0.8403536081314087,"z":0.5132831931114197},"rotation":{"x":0.032787516713142398,"y":0.6717380881309509,"z":0.029905030503869058,"w":-0.7394344210624695},"size":1.732051134109497,"orthographic":false}