{"cameraMode":{"drawMode":0,"name":"Shaded","section":"Shading Mode"},"sceneLighting":false,"audioPlay":false,"sceneViewState":{"m_AlwaysRefresh":false,"showFog":true,"showSkybox":false,"showFlares":true,"showImageEffects":true,"showParticleSystems":true,"showVisualEffectGraphs":true,"m_FxEnabled":true},"in2DMode":false,"pivot":{"x":0.056760817766189578,"y":0.9403887391090393,"z":-2.4450273513793947},"rotation":{"x":-0.14089259505271913,"y":-0.15281924605369569,"z":0.022112447768449785,"w":-0.9778918027877808},"size":1.732051134109497,"orthographic":false}