{"cameraMode":{"drawMode":0,"name":"Shaded","section":"Shading Mode"},"sceneLighting":false,"audioPlay":false,"sceneViewState":{"m_AlwaysRefresh":false,"showFog":true,"showSkybox":false,"showFlares":true,"showImageEffects":true,"showParticleSystems":true,"showVisualEffectGraphs":true,"m_FxEnabled":true},"in2DMode":false,"pivot":{"x":-1.9006800651550294,"y":2.580000162124634,"z":4.910923957824707},"rotation":{"x":0.0056894198060035709,"y":-0.029085317626595498,"z":-0.00020243909966666251,"w":-0.9996010065078735},"size":10.243391990661621,"orthographic":false}