{"cameraMode":{"drawMode":0,"name":"Shaded","section":"Shading Mode"},"sceneLighting":false,"audioPlay":false,"sceneViewState":{"m_AlwaysRefresh":false,"showFog":true,"showSkybox":false,"showFlares":true,"showImageEffects":true,"showParticleSystems":true,"showVisualEffectGraphs":true,"m_FxEnabled":true},"in2DMode":false,"pivot":{"x":-21.557891845703126,"y":4.867674827575684,"z":31.54613494873047},"rotation":{"x":-0.011126749217510224,"y":-0.20733776688575746,"z":-0.0024439538829028608,"w":0.9781726002693176},"size":6.347070217132568,"orthographic":false}