{"cameraMode":{"drawMode":0,"name":"Shaded","section":"Shading Mode"},"sceneLighting":false,"audioPlay":false,"sceneViewState":{"m_AlwaysRefresh":false,"showFog":true,"showSkybox":false,"showFlares":true,"showImageEffects":true,"showParticleSystems":true,"showVisualEffectGraphs":true,"m_FxEnabled":true},"in2DMode":false,"pivot":{"x":1.1152949333190919,"y":0.3873681128025055,"z":-0.12321402132511139},"rotation":{"x":-0.06005234643816948,"y":0.49691393971443179,"z":-0.034488894045352939,"w":-0.8650376796722412},"size":0.8660284876823425,"orthographic":false}